{"cameraMode":{"drawMode":0,"name":"Shaded","section":"Shading Mode"},"sceneLighting":true,"audioPlay":false,"sceneViewState":{"m_AlwaysRefresh":false,"showFog":true,"showSkybox":true,"showFlares":true,"showImageEffects":true,"showParticleSystems":true,"showVisualEffectGraphs":true,"m_FxEnabled":true},"in2DMode":false,"pivot":{"x":1.0549073219299317,"y":1.709025502204895,"z":44.351226806640628},"rotation":{"x":-0.1021261215209961,"y":-0.014650038443505764,"z":0.0013936368050053716,"w":-0.9947109818458557},"size":0.5772653818130493,"orthographic":false}