{"cameraMode":{"drawMode":0,"name":"Shaded","section":"Shading Mode"},"sceneLighting":true,"audioPlay":false,"sceneViewState":{"m_AlwaysRefresh":false,"showFog":true,"showSkybox":true,"showFlares":true,"showImageEffects":true,"showParticleSystems":true,"showVisualEffectGraphs":true,"m_FxEnabled":true},"in2DMode":false,"pivot":{"x":-3.2691526412963869,"y":-2.842604637145996,"z":34.841590881347659},"rotation":{"x":0.04437604919075966,"y":-0.01915493980050087,"z":0.0009980922332033516,"w":0.9989475011825562},"size":22.572616577148439,"orthographic":false}