{"cameraMode":{"drawMode":0,"name":"Shaded","section":"Shading Mode"},"sceneLighting":true,"audioPlay":false,"sceneViewState":{"m_AlwaysRefresh":false,"showFog":true,"showSkybox":true,"showFlares":true,"showImageEffects":true,"showParticleSystems":true,"showVisualEffectGraphs":true,"m_FxEnabled":true},"in2DMode":false,"pivot":{"x":2.0860698223114015,"y":1.0631334781646729,"z":42.585662841796878},"rotation":{"x":0.07575280219316483,"y":0.5613600015640259,"z":-0.05165795236825943,"w":0.8226123452186585},"size":1.8460044860839844,"orthographic":false}