{"cameraMode":{"drawMode":0,"name":"Shaded","section":"Shading Mode"},"sceneLighting":true,"audioPlay":false,"sceneViewState":{"m_AlwaysRefresh":false,"showFog":true,"showSkybox":true,"showFlares":true,"showImageEffects":true,"showParticleSystems":true,"showVisualEffectGraphs":true,"m_FxEnabled":true},"in2DMode":false,"pivot":{"x":-1.671034336090088,"y":0.08277225494384766,"z":3.5125036239624025},"rotation":{"x":-0.05017009377479553,"y":0.20730368793010713,"z":-0.010645884089171887,"w":-0.9769318103790283},"size":5.487176418304443,"orthographic":false}