{"cameraMode":{"drawMode":0,"name":"Shaded","section":"Shading Mode"},"sceneLighting":true,"audioPlay":false,"sceneViewState":{"m_AlwaysRefresh":false,"showFog":true,"showSkybox":true,"showFlares":true,"showImageEffects":true,"showParticleSystems":true,"showVisualEffectGraphs":true,"m_FxEnabled":true},"in2DMode":false,"pivot":{"x":1.1273348331451417,"y":1.700309157371521,"z":44.116302490234378},"rotation":{"x":0.14373324811458589,"y":0.4805496633052826,"z":-0.0801544189453125,"w":0.8614943027496338},"size":1.4757051467895508,"orthographic":false}